{"@class":"Light","color":{"values":[0.8627451062202454,0.5548027753829956,0.29460594058036804]},"coneAngle":45.0,"id":{"uuid":"34674D54-9D56-41F5-BFAD-4696BBB990FB"},"intensity":2.5999999046325684,"lightMode":"realtime","lightType":"point","prenumbra":1.0,"radius":30.0,"shadowBias":0.5,"shadowDarkness":1.0,"shadowResolutionX":1024.0,"shadowResolutionY":1024.0,"shadowSizeX":16.0,"shadowSizeY":16.0,"shadowType":"pcf"}