{"@class":"Light","id":{"uuid":"34674D54-9D56-41F5-BFAD-4696BBB990FB"},"lightType":"point","color":{"values":[0.8627451062202454,0.5548027753829956,0.29460594058036806]},"intensity":2.5999999046325685,"radius":30.0,"coneAngle":45.0,"prenumbra":1.0,"shadowType":"pcf","shadowSizeX":16.0,"shadowSizeY":16.0,"shadowResolutionX":1024.0,"shadowResolutionY":1024.0,"shadowDarkness":1.0,"shadowBias":0.5}