{"@class":"Light","color":{"values":[1.0,0.8894178867340088,0.7865872979164124]},"coneAngle":45.0,"id":{"uuid":"6EB3F022-2519-447F-BE52-62E554F79DE7"},"intensity":1.6799999475479126,"lightMode":"realtime","lightType":"point","prenumbra":1.0,"radius":40.0,"shadowBias":0.5,"shadowDarkness":1.0,"shadowResolutionX":1024.0,"shadowResolutionY":1024.0,"shadowSizeX":16.0,"shadowSizeY":16.0,"shadowType":"pcf"}