{"@class":"Light","color":{"values":[0.8627451062202454,0.65310138463974,0.3524528741836548]},"coneAngle":45.0,"id":{"uuid":"7D941381-F01C-459C-9258-0670725F1F17"},"intensity":2.0,"lightMode":"realtime","lightType":"point","prenumbra":1.0,"radius":40.0,"shadowBias":0.5,"shadowDarkness":1.0,"shadowResolutionX":1024.0,"shadowResolutionY":1024.0,"shadowSizeX":16.0,"shadowSizeY":16.0,"shadowType":"pcf"}