{"@class":"Light","id":{"uuid":"D006F370-B6F6-4502-9200-342E2C87DECC"},"lightType":"point","color":{"values":[0.8627451062202454,0.6509498953819275,0.34720379114151]},"intensity":1.5,"radius":3.0,"coneAngle":45.0,"prenumbra":1.0,"shadowType":"pcf","shadowSizeX":16.0,"shadowSizeY":16.0,"shadowResolutionX":1024.0,"shadowResolutionY":1024.0,"shadowDarkness":1.0,"shadowBias":0.5}