{"@class":"Light","color":{"values":[0.7871366739273071,0.8597543239593506,0.6552987098693848]},"coneAngle":45.0,"id":{"uuid":"EA6EBBE8-21E4-4A60-9E92-BF4B27748675"},"intensity":2.0,"lightMode":"realtime","lightType":"point","prenumbra":1.0,"radius":40.0,"shadowBias":0.5,"shadowDarkness":1.0,"shadowResolutionX":1024.0,"shadowResolutionY":1024.0,"shadowSizeX":16.0,"shadowSizeY":16.0,"shadowType":"pcf"}