{"@class":"Light","id":{"uuid":"EA6EBBE8-21E4-4A60-9E92-BF4B27748675"},"lightType":"point","color":{"values":[0.7871366739273071,0.8597543239593506,0.6552987098693848]},"intensity":2.0,"radius":40.0,"coneAngle":45.0,"prenumbra":1.0,"shadowType":"pcf","shadowSizeX":16.0,"shadowSizeY":16.0,"shadowResolutionX":1024.0,"shadowResolutionY":1024.0,"shadowDarkness":1.0,"shadowBias":0.5}