{"@class":"Script_PostFX","BaseIntensity":1.350000023841858,"BaseSaturation":1.2100000381469727,"BloomIntensity":3.0,"BloomIterations":6,"BloomSaturation":1.0,"BloomSoftTreshold":1.0,"BloomTreshold":0.6399999856948853,"Brightness":0.8500000238418579,"Contrast":1.2100000381469727,"Gamma":1.0499999523162842,"SRGB":true,"bloomResolutionFactor_high":8.0,"bloomResolutionFactor_low":32.0,"bloomResolutionFactor_med":16.0,"bloom_enabled":true,"cascade_high_enabled":true,"cascade_low_enabled":true,"cascade_med_enabled":true,"chromatic_aberration_enabled":false,"chromatic_aberration_scale":5.0,"color_grading_enabled":true,"dof_aperture":0.0,"dof_distance":0.15000000596046448,"dof_enabled":false,"dof_range":10.0,"enableOnAwake":false,"field_1":{"values":[0.20000000298023224,0.20000000298023224,0.20000000298023224]},"field_2":{"values":[0.10000000149011612,0.10000000149011612,0.10000000149011612]},"field_3":{"values":[0.05000000074505806,0.05000000074505806,0.05000000074505806]},"fxaa_enabled":true,"id":{"uuid":"F0A51B2D-1221-40AA-A989-115491DD8D2C"},"name":"Script_PostFX","ssao_enabled":true,"ssao_intensity":0.3799999952316284,"ssao_radius":0.3700000047683716,"sslr_bias":0.5,"sslr_enabled":false,"sslr_iterations":0.0,"sslr_offset":2.0}